,Minnesota,2. Enteric Fermentation Emissions in Minnesota,,,,,,,,,,,,,
,, ,,,,,,,,,,,,,
,,Enteric Fermentation,,,1990,,,,,,,,,,
,,,Number of Animals        ('000 head),,Emission Factor     (kg CH4/head),,Emissions       (kg CH4),,Emissions  (MMTCH4),,Emissions  (MMTCE),,Emissions  (MMTCO2E),,
2,,Dairy Cattle,,,,,,,,,,,,,
2,1990,Dairy Cows,715.0,x,111.2,=," 79,479,478 ",=,0.0795,=,0.607,=,2.225,,
3,1990,Dairy Replacement Heifers,310.0,x,57.0,=," 17,683,181 ",=,0.0177,=,0.135,=,0.495,,
4,1990,   Replacements 0-12 mos.,0.0,x,45.4,=, -   ,=,0.0000,=,0.000,=,0.000,,
5,1990,   Replacements 12-24 mos.,0.0,x,68.7,=, -   ,=,0.0000,=,0.000,=,0.000,,
,,Beef Cattle,,,,,,,,,,,,,
6,1990,Beef Cows,345.0,x,87.7,=," 30,249,240 ",=,0.0302,=,0.231,=,0.847,,
7,1990,Beef Replacement Heifers,60.0,x,58.2,=," 3,494,820 ",=,0.0035,=,0.027,=,0.098,,
8,1990,   Replacements 0-12 mos.,0.0,x,53.7,=, -   ,=,0.0000,=,0.000,=,0.000,,
9,1990,   Replacements 12-24 mos.,0.0,x,62.8,=, -   ,=,0.0000,=,0.000,=,0.000,,
10,1990,Heifer Stockers,180.0,x,51.6,=," 9,288,255 ",=,0.0093,=,0.071,=,0.260,,
11,1990,Steer Stockers,375.0,x,54.4,=," 20,403,866 ",=,0.0204,=,0.156,=,0.571,,
15,1990,Feedlot Heifers,82.4,x,39.6,=," 3,265,221 ",=,0.0033,=,0.025,=,0.091,,
16,1990,Feedlot Steer,164.0,x,39.1,=," 6,409,552 ",=,0.0064,=,0.049,=,0.179,,
12,1990,Bulls,40.0,x,90.2,=," 3,609,880 ",=,0.0036,=,0.028,=,0.101,,
,,Other,,,,,,,,,,,,,
28,1990,Sheep,285.0,x,8.0,=," 2,280,000 ",=,0.0023,=,0.017,=,0.064,,
31,1990,Goats,10.7,x,5.0,=," 53,280 ",=,0.0001,=,0.000,=,0.001,,
17,1990,Swine,"4,550.0",x,1.5,=," 6,825,000 ",=,0.0068,=,0.052,=,0.191,,
32,1990,Horses,47.6,x,18.0,=," 857,056 ",=,0.0009,=,0.007,=,0.024, ,
,,TOTAL,,,,," 183,898,829 ",,0.1839,,1.404,,5.149,,
,,,,,,,,,,,,,,,
,,Enteric Fermentation,,,1991,,,,,,,,,,
,,,Number of Animals        ('000 head),,Emission Factor     (kg CH4/head),,Emissions       (kg CH4),,Emissions  (MMTCH4),,Emissions  (MMTCE),,Emissions  (MMTCO2E),,
3,,Dairy Cattle,,,,,,,,,,,,,
2,1991,Dairy Cows,690.0,x,110.8,=," 76,437,221 ",=,0.0764,=,0.584,=,2.140,,
3,1991,Dairy Replacement Heifers,320.0,x,56.4,=," 18,045,951 ",=,0.0180,=,0.138,=,0.505,,
4,1991,   Replacements 0-12 mos.,0.0,x,44.9,=, -   ,=,0.0000,=,0.000,=,0.000,,
5,1991,   Replacements 12-24 mos.,0.0,x,67.9,=, -   ,=,0.0000,=,0.000,=,0.000,,
,1991,Beef Cattle,,,,,,,,,,,,,
6,1991,Beef Cows,360.0,x,87.9,=," 31,629,488 ",=,0.0316,=,0.242,=,0.886,,
7,1991,Beef Replacement Heifers,65.0,x,58.4,=," 3,798,515 ",=,0.0038,=,0.029,=,0.106,,
8,1991,   Replacements 0-12 mos.,0.0,x,53.9,=, -   ,=,0.0000,=,0.000,=,0.000,,
9,1991,   Replacements 12-24 mos.,0.0,x,63.0,=, -   ,=,0.0000,=,0.000,=,0.000,,
10,1991,Heifer Stockers,215.0,x,52.7,=," 11,324,649 ",=,0.0113,=,0.086,=,0.317,,
11,1991,Steer Stockers,410.0,x,54.9,=," 22,492,363 ",=,0.0225,=,0.172,=,0.630,,
15,1991,Feedlot Heifers,88.6,x,39.4,=," 3,491,697 ",=,0.0035,=,0.027,=,0.098,,
16,1991,Feedlot Steer,174.1,x,38.8,=," 6,764,391 ",=,0.0068,=,0.052,=,0.189,,
12,1991,Bulls,45.0,x,90.5,=," 4,071,089 ",=,0.0041,=,0.031,=,0.114,,
,1991,Other,,,,,,,,,,,,,
28,1991,Sheep,300.0,x,8.0,=," 2,400,000 ",=,0.0024,=,0.018,=,0.067,,
31,1991,Goats,10.7,x,5.0,=," 53,280 ",=,0.0001,=,0.000,=,0.001,,
17,1991,Swine,"4,750.0",x,1.5,=," 7,125,000 ",=,0.0071,=,0.054,=,0.200,,
32,1991,Horses,45.4,x,18.0,=," 816,923 ",=,0.0008,=,0.006,=,0.023,,
,,TOTAL,,,,," 188,450,567 ",,0.1885,,1.439,,5.277,,
,,,,,,,,,,,,,,,
,,Enteric Fermentation,,,1992,,,,,,,,,,
,,,Number of Animals        ('000 head),,Emission Factor     (kg CH4/head),,Emissions       (kg CH4),,Emissions  (MMTCH4),,Emissions  (MMTCE),,Emissions  (MMTCO2E),,
4,,Dairy Cattle,,,,,,,,,,,,,
2,1992,Dairy Cows,660.0,x,112.5,=," 74,246,812 ",=,0.0742,=,0.567,=,2.079,,
3,1992,Dairy Replacement Heifers,305.0,x,55.9,=," 17,043,655 ",=,0.0170,=,0.130,=,0.477,,
4,1992,   Replacements 0-12 mos.,0.0,x,44.5,=, -   ,=,0.0000,=,0.000,=,0.000,,
5,1992,   Replacements 12-24 mos.,0.0,x,67.3,=, -   ,=,0.0000,=,0.000,=,0.000,,
,1992,Beef Cattle,,,,,,,,,,,,,
6,1992,Beef Cows,370.0,x,89.6,=," 33,140,875 ",=,0.0331,=,0.253,=,0.928,,
7,1992,Beef Replacement Heifers,70.0,x,60.3,=," 4,218,054 ",=,0.0042,=,0.032,=,0.118,,
8,1992,   Replacements 0-12 mos.,0.0,x,55.6,=, -   ,=,0.0000,=,0.000,=,0.000,,
9,1992,   Replacements 12-24 mos.,0.0,x,64.9,=, -   ,=,0.0000,=,0.000,=,0.000,,
10,1992,Heifer Stockers,210.0,x,53.5,=," 11,239,087 ",=,0.0112,=,0.086,=,0.315,,
11,1992,Steer Stockers,465.0,x,55.3,=," 25,704,741 ",=,0.0257,=,0.196,=,0.720,,
15,1992,Feedlot Heifers,86.7,x,38.9,=," 3,369,670 ",=,0.0034,=,0.026,=,0.094,,
16,1992,Feedlot Steer,171.7,x,38.2,=," 6,552,002 ",=,0.0066,=,0.050,=,0.183,,
12,1992,Bulls,35.0,x,92.6,=," 3,239,788 ",=,0.0032,=,0.025,=,0.091,,
,1992,Other,,,,,,,,,,,,,
28,1992,Sheep,293.0,x,8.0,=," 2,344,000 ",=,0.0023,=,0.018,=,0.066,,
31,1992,Goats,10.7,x,5.0,=," 53,280 ",=,0.0001,=,0.000,=,0.001,,
17,1992,Swine,"4,812.5",x,1.5,=," 7,218,750 ",=,0.0072,=,0.055,=,0.202,,
32,1992,Horses,43.2,x,18.0,=," 776,790 ",=,0.0008,=,0.006,=,0.022,,
,,TOTAL,,,,," 189,147,504 ",,0.1891,,1.444,,5.296,,
,,,,,,,,,,,,,,,
,,Enteric Fermentation,,,1993,,,,,,,,,,
,,,Number of Animals        ('000 head),,Emission Factor     (kg CH4/head),,Emissions       (kg CH4),,Emissions  (MMTCH4),,Emissions  (MMTCE),,Emissions  (MMTCO2E),,
5,,Dairy Cattle,,,,,,,,,,,,,
2,1993,Dairy Cows,645.0,x,112.2,=," 72,390,451 ",=,0.0724,=,0.553,=,2.027,,
3,1993,Dairy Replacement Heifers,315.0,x,55.5,=," 17,472,710 ",=,0.0175,=,0.133,=,0.489,,
4,1993,   Replacements 0-12 mos.,0.0,x,44.2,=, -   ,=,0.0000,=,0.000,=,0.000,,
5,1993,   Replacements 12-24 mos.,0.0,x,66.8,=, -   ,=,0.0000,=,0.000,=,0.000,,
,1993,Beef Cattle,,,,,,,,,,,,,
6,1993,Beef Cows,405.0,x,90.3,=," 36,585,312 ",=,0.0366,=,0.279,=,1.024,,
7,1993,Beef Replacement Heifers,85.0,x,61.1,=," 5,196,287 ",=,0.0052,=,0.040,=,0.145,,
8,1993,   Replacements 0-12 mos.,0.0,x,56.5,=, -   ,=,0.0000,=,0.000,=,0.000,,
9,1993,   Replacements 12-24 mos.,0.0,x,65.8,=, -   ,=,0.0000,=,0.000,=,0.000,,
10,1993,Heifer Stockers,230.0,x,54.4,=," 12,508,906 ",=,0.0125,=,0.096,=,0.350,,
11,1993,Steer Stockers,475.0,x,55.6,=," 26,409,149 ",=,0.0264,=,0.202,=,0.739,,
15,1993,Feedlot Heifers,83.6,x,38.5,=," 3,215,669 ",=,0.0032,=,0.025,=,0.090,,
16,1993,Feedlot Steer,165.9,x,37.6,=," 6,238,184 ",=,0.0062,=,0.048,=,0.175,,
12,1993,Bulls,35.0,x,93.5,=," 3,272,439 ",=,0.0033,=,0.025,=,0.092,,
,1993,Other,,,,,,,,,,,,,
28,1993,Sheep,245.0,x,8.0,=," 1,960,000 ",=,0.0020,=,0.015,=,0.055,,
31,1993,Goats,10.4,x,5.0,=," 52,150 ",=,0.0001,=,0.000,=,0.001,,
17,1993,Swine,"4,837.5",x,1.5,=," 7,256,250 ",=,0.0073,=,0.055,=,0.203,,
32,1993,Horses,48.5,x,18.0,=," 872,312 ",=,0.0009,=,0.007,=,0.024,,
,,TOTAL,,,,," 193,429,819 ",,0.1934,,1.477,,5.416,,
,,,,,,,,,,,,,,,
,,Enteric Fermentation,,,1994,,,,,,,,,,
,,,Number of Animals        ('000 head),,Emission Factor     (kg CH4/head),,Emissions       (kg CH4),,Emissions  (MMTCH4),,Emissions  (MMTCE),,Emissions  (MMTCO2E),,
6,,Dairy Cattle,,,,,,,,,,,,,
2,1994,Dairy Cows,620.0,x,111.1,=," 68,871,060 ",=,0.0689,=,0.526,=,1.928,,
3,1994,Dairy Replacement Heifers,295.0,x,54.7,=," 16,128,193 ",=,0.0161,=,0.123,=,0.452,,
4,1994,   Replacements 0-12 mos.,0.0,x,43.5,=, -   ,=,0.0000,=,0.000,=,0.000,,
5,1994,   Replacements 12-24 mos.,0.0,x,65.8,=, -   ,=,0.0000,=,0.000,=,0.000,,
,1994,Beef Cattle,,,,,,,,,,,,,
6,1994,Beef Cows,370.0,x,90.3,=," 33,422,117 ",=,0.0334,=,0.255,=,0.936,,
7,1994,Beef Replacement Heifers,85.0,x,61.1,=," 5,195,084 ",=,0.0052,=,0.040,=,0.145,,
8,1994,   Replacements 0-12 mos.,0.0,x,56.5,=, -   ,=,0.0000,=,0.000,=,0.000,,
9,1994,   Replacements 12-24 mos.,0.0,x,65.7,=, -   ,=,0.0000,=,0.000,=,0.000,,
10,1994,Heifer Stockers,200.0,x,55.2,=," 11,046,555 ",=,0.0110,=,0.084,=,0.309,,
11,1994,Steer Stockers,455.0,x,55.8,=," 25,405,550 ",=,0.0254,=,0.194,=,0.711,,
15,1994,Feedlot Heifers,89.2,x,38.0,=," 3,391,180 ",=,0.0034,=,0.026,=,0.095,,
16,1994,Feedlot Steer,170.9,x,37.2,=," 6,352,897 ",=,0.0064,=,0.049,=,0.178,,
12,1994,Bulls,35.0,x,93.5,=," 3,272,439 ",=,0.0033,=,0.025,=,0.092,,
,1994,Other,,,,,,,,,,,,,
28,1994,Sheep,215.0,x,8.0,=," 1,720,000 ",=,0.0017,=,0.013,=,0.048,,
31,1994,Goats,10.2,x,5.0,=," 51,020 ",=,0.0001,=,0.000,=,0.001,,
17,1994,Swine,"4,887.5",x,1.5,=," 7,331,250 ",=,0.0073,=,0.056,=,0.205,,
32,1994,Horses,53.8,x,18.0,=," 967,835 ",=,0.0010,=,0.007,=,0.027,,
,,TOTAL,,,,," 183,155,179 ",,0.1832,,1.399,,5.128,,
,,,,,,,,,,,,,,,
,,Enteric Fermentation,,,1995,,,,,,,,,,
,,,Number of Animals        ('000 head),,Emission Factor     (kg CH4/head),,Emissions       (kg CH4),,Emissions  (MMTCH4),,Emissions  (MMTCE),,Emissions  (MMTCO2E),,
7,,Dairy Cattle,,,,,,,,,,,,,
2,1995,Dairy Cows,600.0,x,112.4,=," 67,455,333 ",=,0.0675,=,0.515,=,1.889,,
3,1995,Dairy Replacement Heifers,305.0,x,54.4,=," 16,580,035 ",=,0.0166,=,0.127,=,0.464,,
4,1995,   Replacements 0-12 mos.,0.0,x,43.3,=, -   ,=,0.0000,=,0.000,=,0.000,,
5,1995,   Replacements 12-24 mos.,0.0,x,65.4,=, -   ,=,0.0000,=,0.000,=,0.000,,
,1995,Beef Cattle,,,,,,,,,,,,,
6,1995,Beef Cows,420.0,x,90.4,=," 37,976,135 ",=,0.0380,=,0.290,=,1.063,,
7,1995,Beef Replacement Heifers,90.0,x,61.3,=," 5,513,166 ",=,0.0055,=,0.042,=,0.154,,
8,1995,   Replacements 0-12 mos.,0.0,x,56.7,=, -   ,=,0.0000,=,0.000,=,0.000,,
9,1995,   Replacements 12-24 mos.,0.0,x,65.8,=, -   ,=,0.0000,=,0.000,=,0.000,,
10,1995,Heifer Stockers,195.0,x,56.1,=," 10,935,605 ",=,0.0109,=,0.084,=,0.306,,
11,1995,Steer Stockers,495.0,x,56.4,=," 27,915,952 ",=,0.0279,=,0.213,=,0.782,,
15,1995,Feedlot Heifers,92.5,x,38.2,=," 3,530,135 ",=,0.0035,=,0.027,=,0.099,,
16,1995,Feedlot Steer,174.7,x,37.3,=," 6,513,901 ",=,0.0065,=,0.050,=,0.182,,
12,1995,Bulls,35.0,x,93.6,=," 3,276,273 ",=,0.0033,=,0.025,=,0.092,,
,1995,Other,,,,,,,,,,,,,
28,1995,Sheep,190.0,x,8.0,=," 1,520,000 ",=,0.0015,=,0.012,=,0.043,,
31,1995,Goats,10.0,x,5.0,=," 49,890 ",=,0.0000,=,0.000,=,0.001,,
17,1995,Swine,"4,875.0",x,1.5,=," 7,312,500 ",=,0.0073,=,0.056,=,0.205,,
32,1995,Horses,59.1,x,18.0,=," 1,063,357 ",=,0.0011,=,0.008,=,0.030,,
,,TOTAL,,,,," 189,642,281 ",,0.1896,,1.448,,5.310,,
,,,,,,,,,,,,,,,
,,Enteric Fermentation,,,1996,,,,,,,,,,
,,,Number of Animals        ('000 head),,Emission Factor     (kg CH4/head),,Emissions       (kg CH4),,Emissions  (MMTCH4),,Emissions  (MMTCE),,Emissions  (MMTCO2E),,
8,,Dairy Cattle,,,,,,,,,,,,,
2,1996,Dairy Cows,585.0,x,113.1,=," 66,189,558 ",=,0.0662,=,0.505,=,1.853,,
3,1996,Dairy Replacement Heifers,310.0,x,54.1,=," 16,770,300 ",=,0.0168,=,0.128,=,0.470,,
4,1996,   Replacements 0-12 mos.,0.0,x,43.1,=, -   ,=,0.0000,=,0.000,=,0.000,,
5,1996,   Replacements 12-24 mos.,0.0,x,65.1,=, -   ,=,0.0000,=,0.000,=,0.000,,
,1996,Beef Cattle,,,,,,,,,,,,,
6,1996,Beef Cows,435.0,x,90.6,=," 39,412,343 ",=,0.0394,=,0.301,=,1.104,,
7,1996,Beef Replacement Heifers,95.0,x,61.4,=," 5,829,367 ",=,0.0058,=,0.045,=,0.163,,
8,1996,   Replacements 0-12 mos.,0.0,x,56.8,=, -   ,=,0.0000,=,0.000,=,0.000,,
9,1996,   Replacements 12-24 mos.,0.0,x,65.9,=, -   ,=,0.0000,=,0.000,=,0.000,,
10,1996,Heifer Stockers,195.0,x,56.6,=," 11,038,582 ",=,0.0110,=,0.084,=,0.309,,
11,1996,Steer Stockers,510.0,x,56.5,=," 28,796,578 ",=,0.0288,=,0.220,=,0.806,,
15,1996,Feedlot Heifers,97.5,x,37.8,=," 3,682,216 ",=,0.0037,=,0.028,=,0.103,,
16,1996,Feedlot Steer,179.7,x,36.8,=," 6,607,398 ",=,0.0066,=,0.050,=,0.185,,
12,1996,Bulls,40.0,x,93.8,=," 3,750,881 ",=,0.0038,=,0.029,=,0.105,,
,1996,Other,,,,,,,,,,,,,
28,1996,Sheep,185.0,x,8.0,=," 1,480,000 ",=,0.0015,=,0.011,=,0.041,,
31,1996,Goats,9.8,x,5.0,=," 48,760 ",=,0.0000,=,0.000,=,0.001,,
17,1996,Swine,"4,775.0",x,1.5,=," 7,162,500 ",=,0.0072,=,0.055,=,0.201,,
32,1996,Horses,64.4,x,18.0,=," 1,158,880 ",=,0.0012,=,0.009,=,0.032,,
,,TOTAL,,,,," 191,927,364 ",,0.1919,,1.466,,5.374,,
,,,,,,,,,,,,,,,
,,Enteric Fermentation,,,1997,,,,,,,,,,
,,,Number of Animals        ('000 head),,Emission Factor     (kg CH4/head),,Emissions       (kg CH4),,Emissions  (MMTCH4),,Emissions  (MMTCE),,Emissions  (MMTCO2E),,
9,,Dairy Cattle,,,,,,,,,,,,,
2,1997,Dairy Cows,580.0,x,112.5,=," 65,238,502 ",=,0.0652,=,0.498,=,1.827,,
3,1997,Dairy Replacement Heifers,320.0,x,53.9,=," 17,240,745 ",=,0.0172,=,0.132,=,0.483,,
4,1997,   Replacements 0-12 mos.,0.0,x,42.9,=, -   ,=,0.0000,=,0.000,=,0.000,,
5,1997,   Replacements 12-24 mos.,0.0,x,64.9,=, -   ,=,0.0000,=,0.000,=,0.000,,
,1997,Beef Cattle,,,,,,,,,,,,,
6,1997,Beef Cows,410.0,x,90.6,=," 37,153,679 ",=,0.0372,=,0.284,=,1.040,,
7,1997,Beef Replacement Heifers,90.0,x,61.5,=," 5,531,001 ",=,0.0055,=,0.042,=,0.155,,
8,1997,   Replacements 0-12 mos.,0.0,x,56.9,=, -   ,=,0.0000,=,0.000,=,0.000,,
9,1997,   Replacements 12-24 mos.,0.0,x,66.0,=, -   ,=,0.0000,=,0.000,=,0.000,,
10,1997,Heifer Stockers,180.0,x,57.6,=," 10,364,742 ",=,0.0104,=,0.079,=,0.290,,
11,1997,Steer Stockers,470.0,x,57.0,=," 26,778,294 ",=,0.0268,=,0.204,=,0.750,,
15,1997,Feedlot Heifers,87.1,x,37.6,=," 3,270,873 ",=,0.0033,=,0.025,=,0.092,,
16,1997,Feedlot Steer,155.5,x,36.6,=," 5,683,688 ",=,0.0057,=,0.043,=,0.159,,
12,1997,Bulls,40.0,x,93.8,=," 3,753,070 ",=,0.0038,=,0.029,=,0.105,,
,1997,Other,,,,,,,,,,,,,
28,1997,Sheep,180.0,x,8.0,=," 1,440,000 ",=,0.0014,=,0.011,=,0.040,,
31,1997,Goats,9.5,x,5.0,=," 47,630 ",=,0.0000,=,0.000,=,0.001,,
17,1997,Swine,"5,425.0",x,1.5,=," 8,137,500 ",=,0.0081,=,0.062,=,0.228,,
32,1997,Horses,69.7,x,18.0,=," 1,254,402 ",=,0.0013,=,0.010,=,0.035,,
,,TOTAL,,,,," 185,894,127 ",,0.1859,,1.420,,5.205,,
,,,,,,,,,,,,,,,
,,Enteric Fermentation,,,1998,,,,,,,,,,
,,,Number of Animals        ('000 head),,Emission Factor     (kg CH4/head),,Emissions       (kg CH4),,Emissions  (MMTCH4),,Emissions  (MMTCE),,Emissions  (MMTCO2E),,
10,,Dairy Cattle,,,,,,,,,,,,,
2,1998,Dairy Cows,555.0,x,114.2,=," 63,390,435 ",=,0.0634,=,0.484,=,1.775,,
3,1998,Dairy Replacement Heifers,290.0,x,53.6,=," 15,555,769 ",=,0.0156,=,0.119,=,0.436,,
4,1998,   Replacements 0-12 mos.,0.0,x,42.7,=, -   ,=,0.0000,=,0.000,=,0.000,,
5,1998,   Replacements 12-24 mos.,0.0,x,64.6,=, -   ,=,0.0000,=,0.000,=,0.000,,
,1998,Beef Cattle,,,,,,,,,,,,,
6,1998,Beef Cows,395.0,x,91.0,=," 35,960,354 ",=,0.0360,=,0.275,=,1.007,,
7,1998,Beef Replacement Heifers,85.0,x,61.9,=," 5,263,548 ",=,0.0053,=,0.040,=,0.147,,
8,1998,   Replacements 0-12 mos.,0.0,x,57.3,=, -   ,=,0.0000,=,0.000,=,0.000,,
9,1998,   Replacements 12-24 mos.,0.0,x,66.5,=, -   ,=,0.0000,=,0.000,=,0.000,,
10,1998,Heifer Stockers,165.0,x,58.2,=," 9,601,800 ",=,0.0096,=,0.073,=,0.269,,
11,1998,Steer Stockers,455.0,x,57.2,=," 26,041,931 ",=,0.0260,=,0.199,=,0.729,,
15,1998,Feedlot Heifers,78.1,x,37.4,=," 2,923,232 ",=,0.0029,=,0.022,=,0.082,,
16,1998,Feedlot Steer,141.0,x,36.5,=," 5,140,704 ",=,0.0051,=,0.039,=,0.144,,
12,1998,Bulls,35.0,x,94.4,=," 3,303,070 ",=,0.0033,=,0.025,=,0.092,,
,1998,Other,,,,,,,,,,,,,
28,1998,Sheep,165.0,x,8.0,=," 1,320,000 ",=,0.0013,=,0.010,=,0.037,,
31,1998,Goats,11.6,x,5.0,=," 57,872 ",=,0.0001,=,0.000,=,0.002,,
17,1998,Swine,"5,825.0",x,1.5,=," 8,737,500 ",=,0.0087,=,0.067,=,0.245,,
32,1998,Horses,74.3,x,18.0,=," 1,337,494 ",=,0.0013,=,0.010,=,0.037,,
,,TOTAL,,,,," 178,633,709 ",,0.1786,,1.364,,5.002,,
,,,,,,,,,,,,,,,
,,Enteric Fermentation,,,1999,,,,,,,,,,
,,,Number of Animals        ('000 head),,Emission Factor     (kg CH4/head),,Emissions       (kg CH4),,Emissions  (MMTCH4),,Emissions  (MMTCE),,Emissions  (MMTCO2E),,
11,,Dairy Cattle,,,,,,,,,,,,,
2,1999,Dairy Cows,545.0,x,118.3,=," 64,462,408 ",=,0.0645,=,0.492,=,1.805,,
3,1999,Dairy Replacement Heifers,290.0,x,54.9,=," 15,915,692 ",=,0.0159,=,0.122,=,0.446,,
4,1999,   Replacements 0-12 mos.,0.0,x,43.7,=, -   ,=,0.0000,=,0.000,=,0.000,,
5,1999,   Replacements 12-24 mos.,0.0,x,66.1,=, -   ,=,0.0000,=,0.000,=,0.000,,
,1999,Beef Cattle,,,,,,,,,,,,,
6,1999,Beef Cows,385.0,x,90.9,=," 34,991,837 ",=,0.0350,=,0.267,=,0.980,,
7,1999,Beef Replacement Heifers,90.0,x,61.7,=," 5,554,188 ",=,0.0056,=,0.042,=,0.156,,
8,1999,   Replacements 0-12 mos.,0.0,x,57.1,=, -   ,=,0.0000,=,0.000,=,0.000,,
9,1999,   Replacements 12-24 mos.,0.0,x,66.3,=, -   ,=,0.0000,=,0.000,=,0.000,,
10,1999,Heifer Stockers,170.0,x,59.1,=," 10,047,595 ",=,0.0100,=,0.077,=,0.281,,
11,1999,Steer Stockers,455.0,x,57.7,=," 26,236,497 ",=,0.0262,=,0.200,=,0.735,,
15,1999,Feedlot Heifers,92.0,x,37.2,=," 3,425,214 ",=,0.0034,=,0.026,=,0.096,,
16,1999,Feedlot Steer,163.0,x,36.2,=," 5,908,961 ",=,0.0059,=,0.045,=,0.165,,
12,1999,Bulls,35.0,x,94.2,=," 3,295,421 ",=,0.0033,=,0.025,=,0.092,,
,1999,Other,,,,,,,,,,,,,
28,1999,Sheep,175.0,x,8.0,=," 1,400,000 ",=,0.0014,=,0.011,=,0.039,,
31,1999,Goats,13.6,x,5.0,=," 68,114 ",=,0.0001,=,0.001,=,0.002,,
17,1999,Swine,"5,550.0",x,1.5,=," 8,325,000 ",=,0.0083,=,0.064,=,0.233,,
32,1999,Horses,78.9,x,18.0,=," 1,420,585 ",=,0.0014,=,0.011,=,0.040,,
,,TOTAL,,,,," 181,051,512 ",,0.1811,,1.383,,5.069,,
,,,,,,,,,,,,,,,
,,Enteric Fermentation,,,2000,,,,,,,,,,
,,,Number of Animals        ('000 head),,Emission Factor     (kg CH4/head),,Emissions       (kg CH4),,Emissions  (MMTCH4),,Emissions  (MMTCE),,Emissions  (MMTCO2E),,
12,,Dairy Cattle,,,,,,,,,,,,,
2,2000,Dairy Cows,540.0,x,119.4,=," 64,490,394 ",=,0.0645,=,0.492,=,1.806,,
3,2000,Dairy Replacement Heifers,290.0,x,54.7,=," 15,856,529 ",=,0.0159,=,0.121,=,0.444,,
4,2000,   Replacements 0-12 mos.,0.0,x,43.5,=, -   ,=,0.0000,=,0.000,=,0.000,,
5,2000,   Replacements 12-24 mos.,0.0,x,65.8,=, -   ,=,0.0000,=,0.000,=,0.000,,
,2000,Beef Cattle,,,,,,,,,,,,,
6,2000,Beef Cows,400.0,x,90.0,=," 36,010,093 ",=,0.0360,=,0.275,=,1.008,,
7,2000,Beef Replacement Heifers,100.0,x,60.7,=," 6,073,595 ",=,0.0061,=,0.046,=,0.170,,
8,2000,   Replacements 0-12 mos.,0.0,x,56.1,=, -   ,=,0.0000,=,0.000,=,0.000,,
9,2000,   Replacements 12-24 mos.,0.0,x,65.3,=, -   ,=,0.0000,=,0.000,=,0.000,,
10,2000,Heifer Stockers,180.0,x,60.3,=," 10,861,100 ",=,0.0109,=,0.083,=,0.304,,
11,2000,Steer Stockers,460.0,x,58.3,=," 26,801,083 ",=,0.0268,=,0.205,=,0.750,,
15,2000,Feedlot Heifers,95.2,x,39.2,=," 3,730,145 ",=,0.0037,=,0.028,=,0.104,,
16,2000,Feedlot Steer,168.2,x,38.2,=," 6,429,298 ",=,0.0064,=,0.049,=,0.180,,
12,2000,Bulls,40.0,x,93.1,=," 3,722,385 ",=,0.0037,=,0.028,=,0.104,,
,2000,Other,,,,,,,,,,,,,
28,2000,Sheep,165.0,x,8.0,=," 1,320,000 ",=,0.0013,=,0.010,=,0.037,,
31,2000,Goats,15.7,x,5.0,=," 78,356 ",=,0.0001,=,0.001,=,0.002,,
17,2000,Swine,"5,625.0",x,1.5,=," 8,437,500 ",=,0.0084,=,0.064,=,0.236,,
32,2000,Horses,83.5,x,18.0,=," 1,503,677 ",=,0.0015,=,0.011,=,0.042,,
,,TOTAL,,,,," 185,314,153 ",,0.1853,,1.415,,5.189,,
,,,,,,,,,,,,,,,
,,Enteric Fermentation,,,2001,,,,,,,,,,
,,,Number of Animals        ('000 head),,Emission Factor     (kg CH4/head),,Emissions       (kg CH4),,Emissions  (MMTCH4),,Emissions  (MMTCE),,Emissions  (MMTCO2E),,
13,,Dairy Cattle,,,,,,,,,,,,,
2,2001,Dairy Cows,520.0,x,117.0,=," 60,855,976 ",=,0.0609,=,0.465,=,1.704,,
3,2001,Dairy Replacement Heifers,290.0,x,54.5,=," 15,798,819 ",=,0.0158,=,0.121,=,0.442,,
4,2001,   Replacements 0-12 mos.,0.0,x,43.4,=, -   ,=,0.0000,=,0.000,=,0.000,,
5,2001,   Replacements 12-24 mos.,0.0,x,65.5,=, -   ,=,0.0000,=,0.000,=,0.000,,
,2001,Beef Cattle,,,,,,,,,,,,,
6,2001,Beef Cows,410.0,x,90.0,=," 36,902,468 ",=,0.0369,=,0.282,=,1.033,,
7,2001,Beef Replacement Heifers,100.0,x,60.7,=," 6,074,766 ",=,0.0061,=,0.046,=,0.170,,
8,2001,   Replacements 0-12 mos.,0.0,x,56.2,=, -   ,=,0.0000,=,0.000,=,0.000,,
9,2001,   Replacements 12-24 mos.,0.0,x,65.3,=, -   ,=,0.0000,=,0.000,=,0.000,,
10,2001,Heifer Stockers,180.0,x,60.0,=," 10,796,287 ",=,0.0108,=,0.082,=,0.302,,
11,2001,Steer Stockers,470.0,x,58.0,=," 27,277,208 ",=,0.0273,=,0.208,=,0.764,,
15,2001,Feedlot Heifers,92.8,x,39.6,=," 3,679,870 ",=,0.0037,=,0.028,=,0.103,,
16,2001,Feedlot Steer,161.1,x,38.6,=," 6,226,590 ",=,0.0062,=,0.048,=,0.174,,
12,2001,Bulls,40.0,x,93.1,=," 3,722,385 ",=,0.0037,=,0.028,=,0.104,,
,2001,Other,,,,,,,,,,,,,
28,2001,Sheep,170.0,x,8.0,=," 1,360,000 ",=,0.0014,=,0.010,=,0.038,,
31,2001,Goats,17.7,x,5.0,=," 88,598 ",=,0.0001,=,0.001,=,0.002,,
17,2001,Swine,"5,825.0",x,1.5,=," 8,737,500 ",=,0.0087,=,0.067,=,0.245,,
32,2001,Horses,88.2,x,18.0,=," 1,586,768 ",=,0.0016,=,0.012,=,0.044,,
,,TOTAL,,,,," 183,107,235 ",,0.1831,,1.398,,5.127,,
,,,,,,,,,,,,,,,
,,Enteric Fermentation,,,2002,,,,,,,,,,
,,,Number of Animals        ('000 head),,Emission Factor     (kg CH4/head),,Emissions       (kg CH4),,Emissions  (MMTCH4),,Emissions  (MMTCE),,Emissions  (MMTCO2E),,
14,,Dairy Cattle,,,,,,,,,,,,,
2,2002,Dairy Cows,500.0,x,117.1,=," 58,573,251 ",=,0.0586,=,0.447,=,1.640,,
3,2002,Dairy Replacement Heifers,290.0,x,54.3,=," 15,754,934 ",=,0.0158,=,0.120,=,0.441,,
4,2002,   Replacements 0-12 mos.,0.0,x,43.3,=, -   ,=,0.0000,=,0.000,=,0.000,,
5,2002,   Replacements 12-24 mos.,0.0,x,65.4,=, -   ,=,0.0000,=,0.000,=,0.000,,
,2002,Beef Cattle,,,,,,,,,,,,,
6,2002,Beef Cows,400.0,x,90.2,=," 36,083,572 ",=,0.0361,=,0.276,=,1.010,,
7,2002,Beef Replacement Heifers,100.0,x,60.9,=," 6,093,005 ",=,0.0061,=,0.047,=,0.171,,
8,2002,   Replacements 0-12 mos.,0.0,x,56.3,=, -   ,=,0.0000,=,0.000,=,0.000,,
9,2002,   Replacements 12-24 mos.,0.0,x,65.5,=, -   ,=,0.0000,=,0.000,=,0.000,,
10,2002,Heifer Stockers,170.0,x,60.1,=," 10,222,368 ",=,0.0102,=,0.078,=,0.286,,
11,2002,Steer Stockers,465.0,x,58.2,=," 27,047,205 ",=,0.0270,=,0.207,=,0.757,,
15,2002,Feedlot Heifers,92.4,x,39.9,=," 3,692,251 ",=,0.0037,=,0.028,=,0.103,,
16,2002,Feedlot Steer,164.6,x,39.0,=," 6,423,816 ",=,0.0064,=,0.049,=,0.180,,
12,2002,Bulls,35.0,x,93.3,=," 3,264,766 ",=,0.0033,=,0.025,=,0.091,,
,2002,Other,,,,,,,,,,,,,
28,2002,Sheep,160.0,x,8.0,=," 1,280,000 ",=,0.0013,=,0.010,=,0.036,,
31,2002,Goats,19.8,x,5.0,=," 98,840 ",=,0.0001,=,0.001,=,0.003,,
17,2002,Swine,"6,050.0",x,1.5,=," 9,075,000 ",=,0.0091,=,0.069,=,0.254,,
32,2002,Horses,92.8,x,18.0,=," 1,669,860 ",=,0.0017,=,0.013,=,0.047,,
,,TOTAL,,,,," 179,278,867 ",,0.1793,,1.369,,5.020,,
,,,,,,,,,,,,,,,
,,Enteric Fermentation,,,2003,,,,,,,,,,
,,,Number of Animals        ('000 head),,Emission Factor     (kg CH4/head),,Emissions       (kg CH4),,Emissions  (MMTCH4),,Emissions  (MMTCE),,Emissions  (MMTCO2E),,
15,,Dairy Cattle,,,,,,,,,,,,,
2,2003,Dairy Cows,480.0,x,117.0,=," 56,176,836 ",=,0.0562,=,0.429,=,1.573,,
3,2003,Dairy Replacement Heifers,295.0,x,54.2,=," 15,997,228 ",=,0.0160,=,0.122,=,0.448,,
4,2003,   Replacements 0-12 mos.,0.0,x,43.2,=, -   ,=,0.0000,=,0.000,=,0.000,,
5,2003,   Replacements 12-24 mos.,0.0,x,65.2,=, -   ,=,0.0000,=,0.000,=,0.000,,
,2003,Beef Cattle,,,,,,,,,,,,,
6,2003,Beef Cows,400.0,x,91.6,=," 36,639,946 ",=,0.0366,=,0.280,=,1.026,,
7,2003,Beef Replacement Heifers,100.0,x,62.5,=," 6,250,122 ",=,0.0063,=,0.048,=,0.175,,
8,2003,   Replacements 0-12 mos.,0.0,x,57.9,=, -   ,=,0.0000,=,0.000,=,0.000,,
9,2003,   Replacements 12-24 mos.,0.0,x,67.1,=, -   ,=,0.0000,=,0.000,=,0.000,,
10,2003,Heifer Stockers,180.0,x,60.0,=," 10,801,270 ",=,0.0108,=,0.082,=,0.302,,
11,2003,Steer Stockers,460.0,x,58.0,=," 26,678,593 ",=,0.0267,=,0.204,=,0.747,,
15,2003,Feedlot Heifers,106.1,x,39.4,=," 4,179,144 ",=,0.0042,=,0.032,=,0.117,,
16,2003,Feedlot Steer,191.0,x,38.5,=," 7,344,031 ",=,0.0073,=,0.056,=,0.206,,
12,2003,Bulls,35.0,x,95.0,=," 3,325,981 ",=,0.0033,=,0.025,=,0.093,,
,2003,Other,,,,,,,,,,,,,
28,2003,Sheep,150.0,x,8.0,=," 1,200,000 ",=,0.0012,=,0.009,=,0.034,,
31,2003,Goats,23.2,x,5.0,=," 115,862 ",=,0.0001,=,0.001,=,0.003,,
17,2003,Swine,"6,350.0",x,1.5,=," 9,525,000 ",=,0.0095,=,0.073,=,0.267,,
32,2003,Horses,92.2,x,18.0,=," 1,660,392 ",=,0.0017,=,0.013,=,0.046,,
,,TOTAL,,,,," 179,894,405 ",,0.1799,,1.374,,5.037,,
,,,,,,,,,,,,,,,
,,Enteric Fermentation,,,2004,,,,,,,,,,
,,,Number of Animals        ('000 head),,Emission Factor     (kg CH4/head),,Emissions       (kg CH4),,Emissions  (MMTCH4),,Emissions  (MMTCE),,Emissions  (MMTCO2E),,
16,,Dairy Cattle,,,,,,,,,,,,,
2,2004,Dairy Cows,465.0,x,115.3,=," 53,595,246 ",=,0.0536,=,0.409,=,1.501,,
3,2004,Dairy Replacement Heifers,280.0,x,53.1,=," 14,867,613 ",=,0.0149,=,0.114,=,0.416,,
4,2004,   Replacements 0-12 mos.,0.0,x,42.3,=, -   ,=,0.0000,=,0.000,=,0.000,,
5,2004,   Replacements 12-24 mos.,0.0,x,63.9,=, -   ,=,0.0000,=,0.000,=,0.000,,
,2004,Beef Cattle,,,,,,,,,,,,,
6,2004,Beef Cows,395.0,x,92.3,=," 36,444,820 ",=,0.0364,=,0.278,=,1.020,,
7,2004,Beef Replacement Heifers,100.0,x,63.2,=," 6,318,527 ",=,0.0063,=,0.048,=,0.177,,
8,2004,   Replacements 0-12 mos.,0.0,x,58.5,=, -   ,=,0.0000,=,0.000,=,0.000,,
9,2004,   Replacements 12-24 mos.,0.0,x,67.9,=, -   ,=,0.0000,=,0.000,=,0.000,,
10,2004,Heifer Stockers,190.0,x,59.5,=," 11,307,690 ",=,0.0113,=,0.086,=,0.317,,
11,2004,Steer Stockers,450.0,x,57.5,=," 25,889,149 ",=,0.0259,=,0.198,=,0.725,,
15,2004,Feedlot Heifers,100.7,x,39.0,=," 3,933,962 ",=,0.0039,=,0.030,=,0.110,,
16,2004,Feedlot Steer,178.6,x,38.1,=," 6,800,581 ",=,0.0068,=,0.052,=,0.190,,
12,2004,Bulls,35.0,x,95.8,=," 3,354,547 ",=,0.0034,=,0.026,=,0.094,,
,2004,Other,,,,,,,,,,,,,
28,2004,Sheep,140.0,x,8.0,=," 1,120,000 ",=,0.0011,=,0.009,=,0.031,,
31,2004,Goats,26.6,x,5.0,=," 132,884 ",=,0.0001,=,0.001,=,0.004,,
17,2004,Swine,"6,550.0",x,1.5,=," 9,825,000 ",=,0.0098,=,0.075,=,0.275,,
32,2004,Horses,91.7,x,18.0,=," 1,650,924 ",=,0.0017,=,0.013,=,0.046,,
,,TOTAL,,,,," 175,240,943 ",,0.1752,,1.338,,4.907,,
,,,,,,,,,,,,,,,
,,Enteric Fermentation,,,2005,,,,,,,,,,
,,,Number of Animals        ('000 head),,Emission Factor     (kg CH4/head),,Emissions       (kg CH4),,Emissions  (MMTCH4),,Emissions  (MMTCE),,Emissions  (MMTCO2E),,
17,,Dairy Cattle,,,,,,,,,,,,,
2,2005,Dairy Cows,460.0,x,117.1,=," 53,843,864 ",=,0.0538,=,0.411,=,1.508,,
3,2005,Dairy Replacement Heifers,270.0,x,53.0,=," 14,302,331 ",=,0.0143,=,0.109,=,0.400,,
4,2005,   Replacements 0-12 mos.,0.0,x,42.2,=, -   ,=,0.0000,=,0.000,=,0.000,,
5,2005,   Replacements 12-24 mos.,0.0,x,63.7,=, -   ,=,0.0000,=,0.000,=,0.000,,
,2005,Beef Cattle,,,,,,,,,,,,,
6,2005,Beef Cows,395.0,x,92.4,=," 36,510,999 ",=,0.0365,=,0.279,=,1.022,,
7,2005,Beef Replacement Heifers,95.0,x,63.4,=," 6,019,892 ",=,0.0060,=,0.046,=,0.169,,
8,2005,   Replacements 0-12 mos.,0.0,x,58.6,=, -   ,=,0.0000,=,0.000,=,0.000,,
9,2005,   Replacements 12-24 mos.,0.0,x,68.1,=, -   ,=,0.0000,=,0.000,=,0.000,,
10,2005,Heifer Stockers,190.0,x,59.8,=," 11,367,664 ",=,0.0114,=,0.087,=,0.318,,
11,2005,Steer Stockers,440.0,x,57.7,=," 25,402,392 ",=,0.0254,=,0.194,=,0.711,,
15,2005,Feedlot Heifers,94.5,x,39.3,=," 3,715,209 ",=,0.0037,=,0.028,=,0.104,,
16,2005,Feedlot Steer,169.0,x,38.2,=," 6,456,336 ",=,0.0065,=,0.049,=,0.181,,
12,2005,Bulls,40.0,x,96.1,=," 3,842,458 ",=,0.0038,=,0.029,=,0.108,,
,2005,Other,,,,,,,,,,,,,
28,2005,Sheep,145.0,x,8.0,=," 1,160,000 ",=,0.0012,=,0.009,=,0.032,,
31,2005,Goats,30.0,x,5.0,=," 149,906 ",=,0.0001,=,0.001,=,0.004,,
17,2005,Swine,"6,575.0",x,1.5,=," 9,862,500 ",=,0.0099,=,0.075,=,0.276,,
32,2005,Horses,91.2,x,18.0,=," 1,641,456 ",=,0.0016,=,0.013,=,0.046,,
,,TOTAL,,,,," 174,275,007 ",,0.1743,,1.331,,4.880,,
,,,,,,,,,,,,,,,
,,Enteric Fermentation,,,2006,,,,,,,,,,
,,,Number of Animals        ('000 head),,Emission Factor     (kg CH4/head),,Emissions       (kg CH4),,Emissions  (MMTCH4),,Emissions  (MMTCE),,Emissions  (MMTCO2E),,
18,,Dairy Cattle,,,,,,,,,,,,,
2,2006,Dairy Cows,450.0,x,118.8,=," 53,457,697 ",=,0.0535,=,0.408,=,1.497,,
3,2006,Dairy Replacement Heifers,270.0,x,52.9,=," 14,284,250 ",=,0.0143,=,0.109,=,0.400,,
4,2006,   Replacements 0-12 mos.,0.0,x,42.2,=, -   ,=,0.0000,=,0.000,=,0.000,,
5,2006,   Replacements 12-24 mos.,0.0,x,63.6,=, -   ,=,0.0000,=,0.000,=,0.000,,
,2006,Beef Cattle,,,,,,,,,,,,,
6,2006,Beef Cows,390.0,x,93.1,=," 36,306,468 ",=,0.0363,=,0.277,=,1.017,,
7,2006,Beef Replacement Heifers,95.0,x,64.1,=," 6,086,540 ",=,0.0061,=,0.046,=,0.170,,
8,2006,   Replacements 0-12 mos.,0.0,x,59.4,=, -   ,=,0.0000,=,0.000,=,0.000,,
9,2006,   Replacements 12-24 mos.,0.0,x,68.8,=, -   ,=,0.0000,=,0.000,=,0.000,,
10,2006,Heifer Stockers,180.0,x,59.5,=," 10,703,867 ",=,0.0107,=,0.082,=,0.300,,
11,2006,Steer Stockers,470.0,x,57.6,=," 27,057,891 ",=,0.0271,=,0.207,=,0.758,,
15,2006,Feedlot Heifers,96.7,x,39.2,=," 3,791,097 ",=,0.0038,=,0.029,=,0.106,,
16,2006,Feedlot Steer,175.8,x,38.1,=," 6,700,376 ",=,0.0067,=,0.051,=,0.188,,
12,2006,Bulls,35.0,x,96.8,=," 3,388,719 ",=,0.0034,=,0.026,=,0.095,,
,2006,Other,,,,,,,,,,,,,
28,2006,Sheep,155.0,x,8.0,=," 1,240,000 ",=,0.0012,=,0.009,=,0.035,,
31,2006,Goats,33.4,x,5.0,=," 166,928 ",=,0.0002,=,0.001,=,0.005,,
17,2006,Swine,"6,750.0",x,1.5,=," 10,125,000 ",=,0.0101,=,0.077,=,0.284,,
32,2006,Horses,90.7,x,18.0,=," 1,631,988 ",=,0.0016,=,0.012,=,0.046,,
,,TOTAL,,,,," 174,940,820 ",,0.1749,,1.336,,4.898,,
,,,,,,,,,,,,,,,
,,Enteric Fermentation,,,2007,,,,,,,,,,
,,,Number of Animals        ('000 head),,Emission Factor     (kg CH4/head),,Emissions       (kg CH4),,Emissions  (MMTCH4),,Emissions  (MMTCE),,Emissions  (MMTCO2E),,
19,,Dairy Cattle,,,,,,,,,,,,,
2,2007,Dairy Cows,455.0,x,123.0,=," 55,984,220 ",=,0.0560,=,0.428,=,1.568,,
3,2007,Dairy Replacement Heifers,270.0,x,54.9,=," 14,832,958 ",=,0.0148,=,0.113,=,0.415,,
4,2007,   Replacements 0-12 mos.,0.0,x,43.8,=, -   ,=,0.0000,=,0.000,=,0.000,,
5,2007,   Replacements 12-24 mos.,0.0,x,66.1,=, -   ,=,0.0000,=,0.000,=,0.000,,
,2007,Beef Cattle,,,,,,,,,,,,,
6,2007,Beef Cows,405.0,x,91.4,=," 37,018,469 ",=,0.0370,=,0.283,=,1.037,,
7,2007,Beef Replacement Heifers,100.0,x,62.9,=," 6,291,695 ",=,0.0063,=,0.048,=,0.176,,
8,2007,   Replacements 0-12 mos.,0.0,x,58.3,=, -   ,=,0.0000,=,0.000,=,0.000,,
9,2007,   Replacements 12-24 mos.,0.0,x,67.6,=, -   ,=,0.0000,=,0.000,=,0.000,,
10,2007,Heifer Stockers,175.0,x,58.1,=," 10,174,430 ",=,0.0102,=,0.078,=,0.285,,
11,2007,Steer Stockers,480.0,x,56.2,=," 26,993,362 ",=,0.0270,=,0.206,=,0.756,,
15,2007,Feedlot Heifers,92.0,x,42.0,=," 3,869,263 ",=,0.0039,=,0.030,=,0.108,,
16,2007,Feedlot Steer,168.8,x,41.2,=," 6,946,263 ",=,0.0069,=,0.053,=,0.194,,
12,2007,Bulls,35.0,x,95.1,=," 3,329,691 ",=,0.0033,=,0.025,=,0.093,,
,2007,Other,,,,,,,,,,,,,
28,2007,Sheep,150.0,x,8.0,=," 1,200,000 ",=,0.0012,=,0.009,=,0.034,,
31,2007,Goats,36.8,x,5.0,=," 183,950 ",=,0.0002,=,0.001,=,0.005,,
17,2007,Swine,"7,225.0",x,1.5,=," 10,837,500 ",=,0.0108,=,0.083,=,0.303,,
32,2007,Horses,90.1,x,18.0,=," 1,622,520 ",=,0.0016,=,0.012,=,0.045,,
,,TOTAL,,,,," 179,284,321 ",,0.1793,,1.369,,5.020,,
,,,,,,,,,,,,,,,
,,Enteric Fermentation,,,2008,,,,,,,,,,
,,,Number of Animals        ('000 head),,Emission Factor     (kg CH4/head),,Emissions       (kg CH4),,Emissions  (MMTCH4),,Emissions  (MMTCE),,Emissions  (MMTCO2E),,
20,,Dairy Cattle,,,,,,,,,,,,,
2,2008,Dairy Cows,463.0,x,123.0,=," 56,945,994 ",=,0.0569,=,0.435,=,1.594,,
3,2008,Dairy Replacement Heifers,270.0,x,54.7,=," 14,775,323 ",=,0.0148,=,0.113,=,0.414,,
4,2008,   Replacements 0-12 mos.,0.0,x,43.6,=, -   ,=,0.0000,=,0.000,=,0.000,,
5,2008,   Replacements 12-24 mos.,0.0,x,65.8,=, -   ,=,0.0000,=,0.000,=,0.000,,
,2008,Beef Cattle,,,,,,,,,,,,,
6,2008,Beef Cows,397.0,x,91.4,=," 36,288,484 ",=,0.0363,=,0.277,=,1.016,,
7,2008,Beef Replacement Heifers,100.0,x,62.9,=," 6,290,856 ",=,0.0063,=,0.048,=,0.176,,
8,2008,   Replacements 0-12 mos.,0.0,x,58.3,=, -   ,=,0.0000,=,0.000,=,0.000,,
9,2008,   Replacements 12-24 mos.,0.0,x,67.6,=, -   ,=,0.0000,=,0.000,=,0.000,,
10,2008,Heifer Stockers,175.0,x,58.1,=," 10,159,196 ",=,0.0102,=,0.078,=,0.284,,
11,2008,Steer Stockers,445.0,x,56.2,=," 25,000,690 ",=,0.0250,=,0.191,=,0.700,,
15,2008,Feedlot Heifers,100.6,x,43.1,=," 4,332,165 ",=,0.0043,=,0.033,=,0.121,,
16,2008,Feedlot Steer,185.9,x,42.0,=," 7,809,762 ",=,0.0078,=,0.060,=,0.219,,
12,2008,Bulls,40.0,x,95.1,=," 3,805,361 ",=,0.0038,=,0.029,=,0.107,,
,2008,Other,,,,,,,,,,,,,
28,2008,Sheep,145.0,x,8.0,=," 1,160,000 ",=,0.0012,=,0.009,=,0.032,,
31,2008,Goats,36.2,x,5.0,=," 180,881 ",=,0.0002,=,0.001,=,0.005,,
17,2008,Swine,"7,500.0",x,1.5,=," 11,250,000 ",=,0.0113,=,0.086,=,0.315,,
32,2008,Horses,85.4,x,18.0,=," 1,536,998 ",=,0.0015,=,0.012,=,0.043,,
,,TOTAL,,,,," 179,535,711 ",,0.1795,,1.371,,5.027,,
,,,,,,,,,,,,,,,
,,Enteric Fermentation,,,2009,,,,,,,,,,
,,,Number of Animals        ('000 head),,Emission Factor     (kg CH4/head),,Emissions       (kg CH4),,Emissions  (MMTCH4),,Emissions  (MMTCE),,Emissions  (MMTCO2E),,
21,,Dairy Cattle,,,,,,,,,,,,,
2,2009,Dairy Cows,468.0,x,123.8,=," 57,925,177 ",=,0.0579,=,0.442,=,1.622,,
3,2009,Dairy Replacement Heifers,285.0,x,54.6,=," 15,566,556 ",=,0.0156,=,0.119,=,0.436,,
4,2009,   Replacements 0-12 mos.,0.0,x,43.5,=, -   ,=,0.0000,=,0.000,=,0.000,,
5,2009,   Replacements 12-24 mos.,0.0,x,65.7,=, -   ,=,0.0000,=,0.000,=,0.000,,
,2009,Beef Cattle,,,,,,,,,,,,,
6,2009,Beef Cows,392.0,x,91.4,=," 35,821,622 ",=,0.0358,=,0.274,=,1.003,,
7,2009,Beef Replacement Heifers,95.0,x,62.9,=," 5,975,692 ",=,0.0060,=,0.046,=,0.167,,
8,2009,   Replacements 0-12 mos.,0.0,x,58.2,=, -   ,=,0.0000,=,0.000,=,0.000,,
9,2009,   Replacements 12-24 mos.,0.0,x,67.6,=, -   ,=,0.0000,=,0.000,=,0.000,,
10,2009,Heifer Stockers,165.0,x,57.9,=," 9,550,561 ",=,0.0096,=,0.073,=,0.267,,
11,2009,Steer Stockers,440.0,x,56.2,=," 24,716,911 ",=,0.0247,=,0.189,=,0.692,,
15,2009,Feedlot Heifers,91.2,x,43.4,=," 3,955,059 ",=,0.0040,=,0.030,=,0.111,,
16,2009,Feedlot Steer,170.8,x,42.3,=," 7,215,173 ",=,0.0072,=,0.055,=,0.202,,
12,2009,Bulls,40.0,x,95.1,=," 3,805,361 ",=,0.0038,=,0.029,=,0.107,,
,2009,Other,,,,,,,,,,,,,
28,2009,Sheep,140.0,x,8.0,=," 1,120,000 ",=,0.0011,=,0.009,=,0.031,,
31,2009,Goats,35.6,x,5.0,=," 177,812 ",=,0.0002,=,0.001,=,0.005,,
17,2009,Swine,"7,350.0",x,1.5,=," 11,025,000 ",=,0.0110,=,0.084,=,0.309,,
32,2009,Horses,80.6,x,18.0,=," 1,451,477 ",=,0.0015,=,0.011,=,0.041,,
,,TOTAL,,,,," 178,306,400 ",,0.1783,,1.362,,4.993,,
,,,,,,,,,,,,,,,
,,Enteric Fermentation,,,2010,,,,,,,,,,
,,,Number of Animals        ('000 head),,Emission Factor     (kg CH4/head),,Emissions       (kg CH4),,Emissions  (MMTCH4),,Emissions  (MMTCE),,Emissions  (MMTCO2E),,
22,,Dairy Cattle,,,,,,,,,,,,,
2,2010,Dairy Cows,470.0,x,124.0,=," 58,271,030 ",=,0.0583,=,0.445,=,1.632,,
3,2010,Dairy Replacement Heifers,295.0,x,54.6,=," 16,095,792 ",=,0.0161,=,0.123,=,0.451,,
4,2010,   Replacements 0-12 mos.,0.0,x,43.5,=, -   ,=,0.0000,=,0.000,=,0.000,,
5,2010,   Replacements 12-24 mos.,0.0,x,65.6,=, -   ,=,0.0000,=,0.000,=,0.000,,
,2010,Beef Cattle,,,,,,,,,,,,,
6,2010,Beef Cows,380.0,x,91.4,=," 34,717,300 ",=,0.0347,=,0.265,=,0.972,,
7,2010,Beef Replacement Heifers,95.0,x,62.9,=," 5,978,601 ",=,0.0060,=,0.046,=,0.167,,
8,2010,   Replacements 0-12 mos.,0.0,x,58.3,=, -   ,=,0.0000,=,0.000,=,0.000,,
9,2010,   Replacements 12-24 mos.,0.0,x,67.5,=, -   ,=,0.0000,=,0.000,=,0.000,,
10,2010,Heifer Stockers,180.0,x,58.1,=," 10,451,863 ",=,0.0105,=,0.080,=,0.293,,
11,2010,Steer Stockers,445.0,x,56.2,=," 25,030,096 ",=,0.0250,=,0.191,=,0.701,,
15,2010,Feedlot Heifers,91.2,x,43.2,=," 3,936,552 ",=,0.0039,=,0.030,=,0.110,,
16,2010,Feedlot Steer,170.8,x,42.0,=," 7,169,292 ",=,0.0072,=,0.055,=,0.201,,
12,2010,Bulls,35.0,x,95.1,=," 3,329,691 ",=,0.0033,=,0.025,=,0.093,,
,2010,Other,,,,,,,,,,,,,
28,2010,Sheep,130.0,x,8.0,=," 1,040,000 ",=,0.0010,=,0.008,=,0.029,,
31,2010,Goats,34.9,x,5.0,=," 174,743 ",=,0.0002,=,0.001,=,0.005,,
17,2010,Swine,"7,450.0",x,1.5,=," 11,175,000 ",=,0.0112,=,0.085,=,0.313,,
32,2010,Horses,75.9,x,18.0,=," 1,365,955 ",=,0.0014,=,0.010,=,0.038,,
,,TOTAL,,,,," 178,735,915 ",,0.1787,,1.365,,5.005,,
,,,,,,,,,,,,,,,
,,Enteric Fermentation,,,2011,,,,,,,,,,
,,,Number of Animals        ('000 head),,Emission Factor     (kg CH4/head),,Emissions       (kg CH4),,Emissions  (MMTCH4),,Emissions  (MMTCE),,Emissions  (MMTCO2E),,
23,,Dairy Cattle,,,,,,,,,,,,,
2,2011,Dairy Cows,470.0,x,123.0,=," 57,798,891 ",=,0.0578,=,0.441,=,1.618,,
3,2011,Dairy Replacement Heifers,290.0,x,54.5,=," 15,801,518 ",=,0.0158,=,0.121,=,0.442,,
4,2011,   Replacements 0-12 mos.,0.0,x,43.4,=, -   ,=,0.0000,=,0.000,=,0.000,,
5,2011,   Replacements 12-24 mos.,0.0,x,65.5,=, -   ,=,0.0000,=,0.000,=,0.000,,
,2011,Beef Cattle,,,,,,,,,,,,,
6,2011,Beef Cows,360.0,x,91.5,=," 32,925,051 ",=,0.0329,=,0.251,=,0.922,,
7,2011,Beef Replacement Heifers,90.0,x,62.9,=," 5,658,824 ",=,0.0057,=,0.043,=,0.158,,
8,2011,   Replacements 0-12 mos.,0.0,x,58.2,=, -   ,=,0.0000,=,0.000,=,0.000,,
9,2011,   Replacements 12-24 mos.,0.0,x,67.6,=, -   ,=,0.0000,=,0.000,=,0.000,,
10,2011,Heifer Stockers,190.0,x,58.0,=," 11,026,163 ",=,0.0110,=,0.084,=,0.309,,
11,2011,Steer Stockers,470.0,x,56.1,=," 26,353,385 ",=,0.0264,=,0.201,=,0.738,,
15,2011,Feedlot Heifers,91.2,x,43.2,=," 3,936,552 ",=,0.0039,=,0.030,=,0.110,,
16,2011,Feedlot Steer,170.8,x,42.0,=," 7,169,292 ",=,0.0072,=,0.055,=,0.201,,
12,2011,Bulls,35.0,x,95.1,=," 3,329,691 ",=,0.0033,=,0.025,=,0.093,,
,2011,Other,,,,,,,,,,,,,
28,2011,Sheep,130.0,x,8.0,=," 1,040,000 ",=,0.0010,=,0.008,=,0.029,,
31,2011,Goats,34.3,x,5.0,=," 171,674 ",=,0.0002,=,0.001,=,0.005,,
17,2011,Swine,"7,775.0",x,1.5,=," 11,662,500 ",=,0.0117,=,0.089,=,0.327,,
32,2011,Horses,71.1,x,18.0,=," 1,280,434 ",=,0.0013,=,0.010,=,0.036,,
,,TOTAL,,,,," 178,153,973 ",,0.1782,,1.360,,4.988,,
,,,,,,,,,,,,,,,
,,Enteric Fermentation,,,2012,,,,,,,,,,
,,,Number of Animals        ('000 head),,Emission Factor     (kg CH4/head),,Emissions       (kg CH4),,Emissions  (MMTCH4),,Emissions  (MMTCE),,Emissions  (MMTCO2E),,
24,,Dairy Cattle,,,,,,,,,,,,,
2,2012,Dairy Cows,465.0,x,124.7,=," 58,002,896 ",=,0.0580,=,0.443,=,1.624,,
3,2012,Dairy Replacement Heifers,285.0,x,54.4,=," 15,517,239 ",=,0.0155,=,0.118,=,0.434,,
4,2012,   Replacements 0-12 mos.,0.0,x,43.4,=, -   ,=,0.0000,=,0.000,=,0.000,,
5,2012,   Replacements 12-24 mos.,0.0,x,65.5,=, -   ,=,0.0000,=,0.000,=,0.000,,
,2012,Beef Cattle,,,,,,,,,,,,,
6,2012,Beef Cows,365.0,x,91.5,=," 33,386,919 ",=,0.0334,=,0.255,=,0.935,,
7,2012,Beef Replacement Heifers,90.0,x,62.9,=," 5,659,243 ",=,0.0057,=,0.043,=,0.158,,
8,2012,   Replacements 0-12 mos.,0.0,x,58.2,=, -   ,=,0.0000,=,0.000,=,0.000,,
9,2012,   Replacements 12-24 mos.,0.0,x,67.6,=, -   ,=,0.0000,=,0.000,=,0.000,,
10,2012,Heifer Stockers,185.0,x,58.2,=," 10,768,691 ",=,0.0108,=,0.082,=,0.302,,
11,2012,Steer Stockers,465.0,x,56.1,=," 26,074,595 ",=,0.0261,=,0.199,=,0.730,,
15,2012,Feedlot Heifers,91.2,x,43.2,=," 3,936,552 ",=,0.0039,=,0.030,=,0.110,,
16,2012,Feedlot Steer,170.8,x,42.0,=," 7,169,292 ",=,0.0072,=,0.055,=,0.201,,
12,2012,Bulls,35.0,x,95.1,=," 3,329,691 ",=,0.0033,=,0.025,=,0.093,,
,2012,Other,,,,,,,,,,,,,
28,2012,Sheep,150.0,x,8.0,=," 1,200,000 ",=,0.0012,=,0.009,=,0.034,,
31,2012,Goats,33.7,x,5.0,=," 168,605 ",=,0.0002,=,0.001,=,0.005,,
17,2012,Swine,"7,812.5",x,1.5,=," 11,718,750 ",=,0.0117,=,0.089,=,0.328,,
32,2012,Horses,66.4,x,18.0,=," 1,194,912 ",=,0.0012,=,0.009,=,0.033,,
,,TOTAL,,,,," 178,127,384 ",,0.1781,,1.360,,4.988,,
,,,,,,,,,,,,,,,
,,Enteric Fermentation,,,2013,,,,,,,,,,
,,,Number of Animals        ('000 head),,Emission Factor     (kg CH4/head),,Emissions       (kg CH4),,Emissions  (MMTCH4),,Emissions  (MMTCE),,Emissions  (MMTCO2E),,
25,,Dairy Cattle,,,,,,,,,,,,,
2,2013,Dairy Cows,465.0,x,125.6,=," 58,420,512 ",=,0.0584,=,0.446,=,1.636,,
3,2013,Dairy Replacement Heifers,280.0,x,54.4,=," 15,226,661 ",=,0.0152,=,0.116,=,0.426,,
4,2013,   Replacements 0-12 mos.,0.0,x,43.3,=, -   ,=,0.0000,=,0.000,=,0.000,,
5,2013,   Replacements 12-24 mos.,0.0,x,65.4,=, -   ,=,0.0000,=,0.000,=,0.000,,
,2013,Beef Cattle,,,,,,,,,,,,,
6,2013,Beef Cows,375.0,x,91.5,=," 34,330,424 ",=,0.0343,=,0.262,=,0.961,,
7,2013,Beef Replacement Heifers,100.0,x,62.9,=," 6,287,777 ",=,0.0063,=,0.048,=,0.176,,
8,2013,   Replacements 0-12 mos.,0.0,x,58.2,=, -   ,=,0.0000,=,0.000,=,0.000,,
9,2013,   Replacements 12-24 mos.,0.0,x,67.6,=, -   ,=,0.0000,=,0.000,=,0.000,,
10,2013,Heifer Stockers,180.0,x,58.3,=," 10,497,442 ",=,0.0105,=,0.080,=,0.294,,
11,2013,Steer Stockers,480.0,x,56.3,=," 27,004,361 ",=,0.0270,=,0.206,=,0.756,,
15,2013,Feedlot Heifers,91.2,x,43.2,=," 3,936,552 ",=,0.0039,=,0.030,=,0.110,,
16,2013,Feedlot Steer,170.8,x,42.0,=," 7,169,292 ",=,0.0072,=,0.055,=,0.201,,
12,2013,Bulls,35.0,x,95.1,=," 3,329,691 ",=,0.0033,=,0.025,=,0.093,,
,2013,Other,,,,,,,,,,,,,
28,2013,Sheep,135.0,x,8.0,=," 1,080,000 ",=,0.0011,=,0.008,=,0.030,,
31,2013,Goats,34.2,x,5.0,=," 171,196 ",=,0.0002,=,0.001,=,0.005,,
17,2013,Swine,"7,737.5",x,1.5,=," 11,606,250 ",=,0.0116,=,0.089,=,0.325,,
32,2013,Horses,62.5,x,18.0,=," 1,124,694 ",=,0.0011,=,0.009,=,0.031,,
,,TOTAL,,,,," 180,184,852 ",,0.1802,,1.376,,5.045,,
,,,,,,,,,,,,,,,
,,Enteric Fermentation,,,2014,,,,,,,,,,
,,,Number of Animals        ('000 head),,Emission Factor     (kg CH4/head),,Emissions       (kg CH4),,Emissions  (MMTCH4),,Emissions  (MMTCE),,Emissions  (MMTCO2E),,
26,,Dairy Cattle,,,,,,,,,,,,,
2,2014,Dairy Cows,460.0,x,125.9,=," 57,896,043 ",=,0.0579,=,0.442,=,1.621,,
3,2014,Dairy Replacement Heifers,280.0,x,54.3,=," 15,200,992 ",=,0.0152,=,0.116,=,0.426,,
4,2014,   Replacements 0-12 mos.,0.0,x,43.3,=, -   ,=,0.0000,=,0.000,=,0.000,,
5,2014,   Replacements 12-24 mos.,0.0,x,65.3,=, -   ,=,0.0000,=,0.000,=,0.000,,
,2014,Beef Cattle,,,,,,,,,,,,,
6,2014,Beef Cows,340.0,x,91.5,=," 31,115,062 ",=,0.0311,=,0.238,=,0.871,,
7,2014,Beef Replacement Heifers,80.0,x,62.8,=," 5,025,892 ",=,0.0050,=,0.038,=,0.141,,
8,2014,   Replacements 0-12 mos.,0.0,x,58.1,=, -   ,=,0.0000,=,0.000,=,0.000,,
9,2014,   Replacements 12-24 mos.,0.0,x,67.6,=, -   ,=,0.0000,=,0.000,=,0.000,,
10,2014,Heifer Stockers,170.0,x,58.3,=," 9,911,546 ",=,0.0099,=,0.076,=,0.278,,
11,2014,Steer Stockers,490.0,x,56.3,=," 27,571,251 ",=,0.0276,=,0.211,=,0.772,,
15,2014,Feedlot Heifers,91.2,x,43.2,=," 3,936,552 ",=,0.0039,=,0.030,=,0.110,,
16,2014,Feedlot Steer,170.8,x,42.0,=," 7,169,292 ",=,0.0072,=,0.055,=,0.201,,
12,2014,Bulls,35.0,x,95.1,=," 3,329,691 ",=,0.0033,=,0.025,=,0.093,,
,2014,Other,,,,,,,,,,,,,
28,2014,Sheep,135.0,x,8.0,=," 1,080,000 ",=,0.0011,=,0.008,=,0.030,,
31,2014,Goats,34.8,x,5.0,=," 173,787 ",=,0.0002,=,0.001,=,0.005,,
17,2014,Swine,"7,750.0",x,1.5,=," 11,625,000 ",=,0.0116,=,0.089,=,0.326,,
32,2014,Horses,58.6,x,18.0,=," 1,054,476 ",=,0.0011,=,0.008,=,0.030,,
,,TOTAL,,,,," 175,089,585 ",,0.1751,,1.337,,4.903,,
,,,,,,,,,,,,,,,
,,Enteric Fermentation,,,2015,,,,,,,,,,
,,,Number of Animals        ('000 head),,Emission Factor     (kg CH4/head),,Emissions       (kg CH4),,Emissions  (MMTCH4),,Emissions  (MMTCE),,Emissions  (MMTCO2E),,
27,,Dairy Cattle,,,,,,,,,,,,,
2,2015,Dairy Cows,460.0,x,128.4,=," 59,079,840 ",=,0.0591,=,0.451,=,1.654,,
3,2015,Dairy Replacement Heifers,280.0,x,54.2,=," 15,186,662 ",=,0.0152,=,0.116,=,0.425,,
4,2015,   Replacements 0-12 mos.,0.0,x,43.2,=, -   ,=,0.0000,=,0.000,=,0.000,,
5,2015,   Replacements 12-24 mos.,0.0,x,65.3,=, -   ,=,0.0000,=,0.000,=,0.000,,
,2015,Beef Cattle,,,,,,,,,,,,,
6,2015,Beef Cows,340.0,x,91.5,=," 31,120,923 ",=,0.0311,=,0.238,=,0.871,,
7,2015,Beef Replacement Heifers,90.0,x,62.9,=," 5,657,100 ",=,0.0057,=,0.043,=,0.158,,
8,2015,   Replacements 0-12 mos.,0.0,x,58.2,=, -   ,=,0.0000,=,0.000,=,0.000,,
9,2015,   Replacements 12-24 mos.,0.0,x,67.6,=, -   ,=,0.0000,=,0.000,=,0.000,,
10,2015,Heifer Stockers,160.0,x,58.5,=," 9,354,143 ",=,0.0094,=,0.071,=,0.262,,
11,2015,Steer Stockers,500.0,x,56.3,=," 28,147,944 ",=,0.0281,=,0.215,=,0.788,,
15,2015,Feedlot Heifers,91.2,x,43.2,=," 3,936,552 ",=,0.0039,=,0.030,=,0.110,,
16,2015,Feedlot Steer,170.8,x,42.0,=," 7,169,292 ",=,0.0072,=,0.055,=,0.201,,
12,2015,Bulls,35.0,x,95.1,=," 3,329,691 ",=,0.0033,=,0.025,=,0.093,,
,2015,Other,,,,,,,,,,,,,
28,2015,Sheep,130.0,x,8.0,=," 1,040,000 ",=,0.0010,=,0.008,=,0.029,,
31,2015,Goats,35.3,x,5.0,=," 176,378 ",=,0.0002,=,0.001,=,0.005,,
17,2015,Swine,"8,050.0",x,1.5,=," 12,075,000 ",=,0.0121,=,0.092,=,0.338,,
32,2015,Horses,54.7,x,18.0,=," 984,258 ",=,0.0010,=,0.008,=,0.028,,
,,TOTAL,,,,," 177,257,783 ",,0.1773,,1.354,,4.963,,
,,,,,,,,,,,,,,,
,,Enteric Fermentation,,,2016,,,,,,,,,,
,,,Number of Animals        ('000 head),,Emission Factor     (kg CH4/head),,Emissions       (kg CH4),,Emissions  (MMTCH4),,Emissions  (MMTCE),,Emissions  (MMTCO2E),,
28,,Dairy Cattle,,,,,,,,,,,,,
2,2016,Dairy Cows,460.0,x,130.2,=," 59,888,824 ",=,0.0599,=,0.457,=,1.677,,
3,2016,Dairy Replacement Heifers,300.0,x,54.2,=," 16,262,021 ",=,0.0163,=,0.124,=,0.455,,
4,2016,   Replacements 0-12 mos.,0.0,x,43.2,=, -   ,=,0.0000,=,0.000,=,0.000,,
5,2016,   Replacements 12-24 mos.,0.0,x,65.2,=, -   ,=,0.0000,=,0.000,=,0.000,,
,2016,Beef Cattle,,,,,,,,,,,,,
6,2016,Beef Cows,350.0,x,91.6,=," 32,065,862 ",=,0.0321,=,0.245,=,0.898,,
7,2016,Beef Replacement Heifers,95.0,x,62.9,=," 5,973,913 ",=,0.0060,=,0.046,=,0.167,,
8,2016,   Replacements 0-12 mos.,0.0,x,58.2,=, -   ,=,0.0000,=,0.000,=,0.000,,
9,2016,   Replacements 12-24 mos.,0.0,x,67.6,=, -   ,=,0.0000,=,0.000,=,0.000,,
10,2016,Heifer Stockers,175.0,x,58.5,=," 10,242,792 ",=,0.0102,=,0.078,=,0.287,,
11,2016,Steer Stockers,520.0,x,56.5,=," 29,357,898 ",=,0.0294,=,0.224,=,0.822,,
15,2016,Feedlot Heifers,91.2,x,43.2,=," 3,936,552 ",=,0.0039,=,0.030,=,0.110,,
16,2016,Feedlot Steer,170.8,x,42.0,=," 7,169,292 ",=,0.0072,=,0.055,=,0.201,,
12,2016,Bulls,40.0,x,95.1,=," 3,805,361 ",=,0.0038,=,0.029,=,0.107,,
,2016,Other,,,,,,,,,,,,,
28,2016,Sheep,125.0,x,8.0,=," 1,000,000 ",=,0.0010,=,0.008,=,0.028,,
31,2016,Goats,35.8,x,5.0,=," 178,969 ",=,0.0002,=,0.001,=,0.005,,
17,2016,Swine,"8,300.0",x,1.5,=," 12,450,000 ",=,0.0125,=,0.095,=,0.349,,
32,2016,Horses,50.8,x,18.0,=," 914,040 ",=,0.0009,=,0.007,=,0.026,,
,,TOTAL,,,,," 183,245,523 ",,0.1832,,1.399,,5.131,,
,,,,,,,,,,,,,,,
,,Enteric Fermentation,,,2017,,,,,,,,,,
,,,Number of Animals        ('000 head),,Emission Factor     (kg CH4/head),,Emissions       (kg CH4),,Emissions  (MMTCH4),,Emissions  (MMTCE),,Emissions  (MMTCO2E),,
29,,Dairy Cattle,,,,,,,,,,,,,
2,2017,Dairy Cows,460.0,x,132.7,=," 61,024,716 ",=,0.0610,=,0.466,=,1.709,,
3,2017,Dairy Replacement Heifers,295.0,x,54.1,=," 15,970,081 ",=,0.0160,=,0.122,=,0.447,,
4,2017,   Replacements 0-12 mos.,0.0,x,43.2,=, -   ,=,0.0000,=,0.000,=,0.000,,
5,2017,   Replacements 12-24 mos.,0.0,x,65.1,=, -   ,=,0.0000,=,0.000,=,0.000,,
,2017,Beef Cattle,,,,,,,,,,,,,
6,2017,Beef Cows,370.0,x,91.7,=," 33,932,406 ",=,0.0339,=,0.259,=,0.950,,
7,2017,Beef Replacement Heifers,95.0,x,62.9,=," 5,977,651 ",=,0.0060,=,0.046,=,0.167,,
8,2017,   Replacements 0-12 mos.,0.0,x,58.3,=, -   ,=,0.0000,=,0.000,=,0.000,,
9,2017,   Replacements 12-24 mos.,0.0,x,67.5,=, -   ,=,0.0000,=,0.000,=,0.000,,
10,2017,Heifer Stockers,165.0,x,58.7,=," 9,677,605 ",=,0.0097,=,0.074,=,0.271,,
11,2017,Steer Stockers,500.0,x,56.5,=," 28,234,405 ",=,0.0282,=,0.216,=,0.791,,
15,2017,Feedlot Heifers,91.2,x,43.2,=," 3,936,552 ",=,0.0039,=,0.030,=,0.110,,
16,2017,Feedlot Steer,170.8,x,42.0,=," 7,169,292 ",=,0.0072,=,0.055,=,0.201,,
12,2017,Bulls,35.0,x,95.1,=," 3,329,691 ",=,0.0033,=,0.025,=,0.093,,
,2017,Other,,,,,,,,,,,,,
28,2017,Sheep,130.0,x,8.0,=," 1,040,000 ",=,0.0010,=,0.008,=,0.029,,
31,2017,Goats,36.3,x,5.0,=," 181,560 ",=,0.0002,=,0.001,=,0.005,,
17,2017,Swine,"8,500.0",x,1.5,=," 12,750,000 ",=,0.0128,=,0.097,=,0.357,,
32,2017,Horses,46.9,x,18.0,=," 843,822 ",=,0.0008,=,0.006,=,0.024,,
,,TOTAL,,,,," 184,067,780 ",,0.1841,,1.406,,5.154,,
,,,,,,,,,,,,,,,
,,Enteric Fermentation,,,2018,,,,,,,,,,
,,,Number of Animals        ('000 head),,Emission Factor     (kg CH4/head),,Emissions       (kg CH4),,Emissions  (MMTCH4),,Emissions  (MMTCE),,Emissions  (MMTCO2E),,
30,,Dairy Cattle,,,,,,,,,,,,,
2,2018,Dairy Cows,455.0,x,134.0,=," 60,947,952 ",=,0.0609,=,0.465,=,1.707,,
3,2018,Dairy Replacement Heifers,290.0,x,54.1,=," 15,691,931 ",=,0.0157,=,0.120,=,0.439,,
4,2018,   Replacements 0-12 mos.,0.0,x,43.1,=, -   ,=,0.0000,=,0.000,=,0.000,,
5,2018,   Replacements 12-24 mos.,0.0,x,65.1,=, -   ,=,0.0000,=,0.000,=,0.000,,
,2018,Beef Cattle,,,,,,,,,,,,,
6,2018,Beef Cows,365.0,x,91.8,=," 33,508,750 ",=,0.0335,=,0.256,=,0.938,,
7,2018,Beef Replacement Heifers,100.0,x,62.9,=," 6,291,868 ",=,0.0063,=,0.048,=,0.176,,
8,2018,   Replacements 0-12 mos.,0.0,x,58.3,=, -   ,=,0.0000,=,0.000,=,0.000,,
9,2018,   Replacements 12-24 mos.,0.0,x,67.5,=, -   ,=,0.0000,=,0.000,=,0.000,,
10,2018,Heifer Stockers,175.0,x,58.6,=," 10,262,984 ",=,0.0103,=,0.078,=,0.287,,
11,2018,Steer Stockers,475.0,x,56.4,=," 26,777,172 ",=,0.0268,=,0.204,=,0.750,,
15,2018,Feedlot Heifers,91.2,x,43.2,=," 3,936,552 ",=,0.0039,=,0.030,=,0.110,,
16,2018,Feedlot Steer,170.8,x,42.0,=," 7,169,292 ",=,0.0072,=,0.055,=,0.201,,
12,2018,Bulls,35.0,x,95.1,=," 3,329,691 ",=,0.0033,=,0.025,=,0.093,,
,2018,Other,,,,,,,,,,,,,
28,2018,Sheep,130.0,x,8.0,=," 1,040,000 ",=,0.0010,=,0.008,=,0.029,,
31,2018,Goats,36.8,x,5.0,=," 184,151 ",=,0.0002,=,0.001,=,0.005,,
17,2018,Swine,"8,625.0",x,1.5,=," 12,937,500 ",=,0.0129,=,0.099,=,0.362,,
32,2018,Horses,43.0,x,18.0,=," 773,604 ",=,0.0008,=,0.006,=,0.022,,
,,TOTAL,,,,," 182,851,448 ",,0.1829,,1.396,,5.120,,
,,,,,,,,,,,,,,,
,,Enteric Fermentation,,,2019,,,,,,,,,,
,,,Number of Animals        ('000 head),,Emission Factor     (kg CH4/head),,Emissions       (kg CH4),,Emissions  (MMTCH4),,Emissions  (MMTCE),,Emissions  (MMTCO2E),,
31,,Dairy Cattle,,,,,,,,,,,,,
2,2019,Dairy Cows,460.0,x,135.5,=," 62,320,289 ",=,0.0623,=,0.476,=,1.745,,
3,2019,Dairy Replacement Heifers,295.2,x,54.1,=," 15,957,346 ",=,0.0160,=,0.122,=,0.447,,
4,2019,   Replacements 0-12 mos.,0.0,x,43.1,=, -   ,=,0.0000,=,0.000,=,0.000,,
5,2019,   Replacements 12-24 mos.,0.0,x,65.0,=, -   ,=,0.0000,=,0.000,=,0.000,,
,2019,Beef Cattle,,,,,,,,,,,,,
6,2019,Beef Cows,370.0,x,91.9,=," 33,988,068 ",=,0.0340,=,0.260,=,0.952,,
7,2019,Beef Replacement Heifers,75.7,x,62.9,=," 4,765,421 ",=,0.0048,=,0.036,=,0.133,,
8,2019,   Replacements 0-12 mos.,0.0,x,58.3,=, -   ,=,0.0000,=,0.000,=,0.000,,
9,2019,   Replacements 12-24 mos.,0.0,x,67.6,=, -   ,=,0.0000,=,0.000,=,0.000,,
10,2019,Heifer Stockers,86.5,x,58.6,=," 5,072,130 ",=,0.0051,=,0.039,=,0.142,,
11,2019,Steer Stockers,241.4,x,56.5,=," 13,630,154 ",=,0.0136,=,0.104,=,0.382,,
15,2019,Feedlot Heifers,91.2,x,43.2,=," 3,936,552 ",=,0.0039,=,0.030,=,0.110,,
16,2019,Feedlot Steer,170.8,x,42.0,=," 7,169,292 ",=,0.0072,=,0.055,=,0.201,,
12,2019,Bulls,35.0,x,95.1,=," 3,329,691 ",=,0.0033,=,0.025,=,0.093,,
,2019,Other,,,,,,,,,,,,,
28,2019,Sheep,125.0,x,8.0,=," 1,000,000 ",=,0.0010,=,0.008,=,0.028,,
31,2019,Goats,37.3,x,5.0,=," 186,742 ",=,0.0002,=,0.001,=,0.005,,
17,2019,Swine,"9,050.0",x,1.5,=," 13,575,000 ",=,0.0136,=,0.104,=,0.380,,
32,2019,Horses,46.9,x,18.0,=," 843,822 ",=,0.0008,=,0.006,=,0.024,,
,,TOTAL,,,,," 165,774,506 ",,0.1658,,1.266,,4.642,,
,,,,,,,,,,,,,,,
,,Enteric Fermentation,,,2020,,,,,,,,,,
,,,Number of Animals        ('000 head),,Emission Factor     (kg CH4/head),,Emissions       (kg CH4),,Emissions  (MMTCH4),,Emissions  (MMTCE),,Emissions  (MMTCO2E),,
32,,Dairy Cattle,,,,,,,,,,,,,
2,2020,Dairy Cows,445.0,x,137.7,=," 61,290,250 ",=,0.0613,=,0.468,=,1.716,,
3,2020,Dairy Replacement Heifers,232.7,x,54.0,=," 12,574,592 ",=,0.0126,=,0.096,=,0.352,,
4,2020,   Replacements 0-12 mos.,0.0,x,43.1,=, -   ,=,0.0000,=,0.000,=,0.000,,
5,2020,   Replacements 12-24 mos.,0.0,x,65.0,=, -   ,=,0.0000,=,0.000,=,0.000,,
,2020,Beef Cattle,,,,,,,,,,,,,
6,2020,Beef Cows,365.0,x,91.9,=," 33,548,789 ",=,0.0335,=,0.256,=,0.939,,
7,2020,Beef Replacement Heifers,75.5,x,62.9,=," 4,750,941 ",=,0.0048,=,0.036,=,0.133,,
8,2020,   Replacements 0-12 mos.,0.0,x,58.2,=, -   ,=,0.0000,=,0.000,=,0.000,,
9,2020,   Replacements 12-24 mos.,0.0,x,67.6,=, -   ,=,0.0000,=,0.000,=,0.000,,
10,2020,Heifer Stockers,74.6,x,58.5,=," 4,369,514 ",=,0.0044,=,0.033,=,0.122,,
11,2020,Steer Stockers,238.9,x,56.4,=," 13,474,575 ",=,0.0135,=,0.103,=,0.377,,
15,2020,Feedlot Heifers,144.8,x,43.2,=," 6,250,742 ",=,0.0063,=,0.048,=,0.175,,
16,2020,Feedlot Steer,266.7,x,42.0,=," 11,198,251 ",=,0.0112,=,0.086,=,0.314,,
12,2020,Bulls,30.0,x,95.1,=," 2,854,021 ",=,0.0029,=,0.022,=,0.080,,
,2020,Other,,,,,,,,,,,,,
28,2020,Sheep,115.0,x,8.0,=," 920,000 ",=,0.0009,=,0.007,=,0.026,,
31,2020,Goats,37.9,x,5.0,=," 189,333 ",=,0.0002,=,0.001,=,0.005,,
17,2020,Swine,"9,125.0",x,1.5,=," 13,687,500 ",=,0.0137,=,0.105,=,0.383,,
32,2020,Horses,35.2,x,18.0,=," 633,168 ",=,0.0006,=,0.005,=,0.018,,
,,TOTAL,,,,," 165,741,674 ",,0.1657,,1.266,,4.641,,
,,,,,,,,,,,,,,,
,,Enteric Fermentation,,,2021,,,,,,,,,,
,,,Number of Animals        ('000 head),,Emission Factor     (kg CH4/head),,Emissions       (kg CH4),,Emissions  (MMTCH4),,Emissions  (MMTCE),,Emissions  (MMTCO2E),,
33,,Dairy Cattle,,,,,,,,,,,,,
2,2021,Dairy Cows,455.0,x,137.7,=," 62,667,559 ",=,0.0627,=,0.479,=,1.755,,
3,2021,Dairy Replacement Heifers,200.0,x,54.0,=," 10,809,819 ",=,0.0108,=,0.083,=,0.303,,
4,2021,   Replacements 0-12 mos.,0.0,x,43.1,=, -   ,=,0.0000,=,0.000,=,0.000,,
5,2021,   Replacements 12-24 mos.,0.0,x,65.0,=, -   ,=,0.0000,=,0.000,=,0.000,,
,2021,Beef Cattle,,,,,,,,,,,,,
6,2021,Beef Cows,335.0,x,91.9,=," 30,791,354 ",=,0.0308,=,0.235,=,0.862,,
7,2021,Beef Replacement Heifers,80.0,x,62.9,=," 5,031,195 ",=,0.0050,=,0.038,=,0.141,,
8,2021,   Replacements 0-12 mos.,0.0,x,58.2,=, -   ,=,0.0000,=,0.000,=,0.000,,
9,2021,   Replacements 12-24 mos.,0.0,x,67.6,=, -   ,=,0.0000,=,0.000,=,0.000,,
10,2021,Heifer Stockers,170.0,x,58.5,=," 9,951,280 ",=,0.0100,=,0.076,=,0.279,,
11,2021,Steer Stockers,500.0,x,56.4,=," 28,197,411 ",=,0.0282,=,0.215,=,0.790,,
15,2021,Feedlot Heifers,140.6,x,43.2,=," 6,067,806 ",=,0.0061,=,0.046,=,0.170,,
16,2021,Feedlot Steer,259.4,x,42.0,=," 10,890,566 ",=,0.0109,=,0.083,=,0.305,,
12,2021,Bulls,30.0,x,95.1,=," 2,854,021 ",=,0.0029,=,0.022,=,0.080,,
,2021,Other,,,,,,,,,,,,,
28,2021,Sheep,113.0,x,8.0,=," 904,000 ",=,0.0009,=,0.007,=,0.025,,
31,2021,Goats,36.3,x,5.0,=," 181,560 ",=,0.0002,=,0.001,=,0.005,,
17,2021,Swine,"8,900.0",x,1.5,=," 13,350,000 ",=,0.0134,=,0.102,=,0.374,,
32,2021,Horses,46.9,x,18.0,=," 843,822 ",=,0.0008,=,0.006,=,0.024,,
,,TOTAL,,,,," 182,540,394 ",,0.1825,,1.394,,5.111,,
,,,,,,,,,,,,,,,
,,Enteric Fermentation,,,2022,,,,,,,,,,
,,,Number of Animals        ('000 head),,Emission Factor     (kg CH4/head),,Emissions       (kg CH4),,Emissions  (MMTCH4),,Emissions  (MMTCE),,Emissions  (MMTCO2E),,
34,,Dairy Cattle,,,,,,,,,,,,,
2,2022,Dairy Cows,0.0,x,137.7,=, -   ,=,0.0000,=,0.000,=,0.000,,
3,2022,Dairy Replacement Heifers,0.0,x,54.0,=, -   ,=,0.0000,=,0.000,=,0.000,,
4,2022,   Replacements 0-12 mos.,0.0,x,43.1,=, -   ,=,0.0000,=,0.000,=,0.000,,
5,2022,   Replacements 12-24 mos.,0.0,x,65.0,=, -   ,=,0.0000,=,0.000,=,0.000,,
,2022,Beef Cattle,,,,,,,,,,,,,
6,2022,Beef Cows,0.0,x,91.9,=, -   ,=,0.0000,=,0.000,=,0.000,,
7,2022,Beef Replacement Heifers,0.0,x,62.9,=, -   ,=,0.0000,=,0.000,=,0.000,,
8,2022,   Replacements 0-12 mos.,0.0,x,58.2,=, -   ,=,0.0000,=,0.000,=,0.000,,
9,2022,   Replacements 12-24 mos.,0.0,x,67.6,=, -   ,=,0.0000,=,0.000,=,0.000,,
10,2022,Heifer Stockers,0.0,x,58.5,=, -   ,=,0.0000,=,0.000,=,0.000,,
11,2022,Steer Stockers,0.0,x,56.4,=, -   ,=,0.0000,=,0.000,=,0.000,,
15,2022,Feedlot Heifers,0.0,x,43.2,=, -   ,=,0.0000,=,0.000,=,0.000,,
16,2022,Feedlot Steer,0.0,x,42.0,=, -   ,=,0.0000,=,0.000,=,0.000,,
12,2022,Bulls,0.0,x,95.1,=, -   ,=,0.0000,=,0.000,=,0.000,,
,2022,Other,,,,,,,,,,,,,
28,2022,Sheep,0.0,x,8.0,=, -   ,=,0.0000,=,0.000,=,0.000,,
31,2022,Goats,0.0,x,5.0,=, -   ,=,0.0000,=,0.000,=,0.000,,
17,2022,Swine,0.0,x,1.5,=, -   ,=,0.0000,=,0.000,=,0.000,,
32,2022,Horses,0.0,x,18.0,=, -   ,=,0.0000,=,0.000,=,0.000,,
,,TOTAL,,,,, -   ,,0.0000,,0.000,,0.000,,
,,,,,,,,,,,,,,,
,,Enteric Fermentation,,,2023,,,,,,,,,,
,,,Number of Animals        ('000 head),,Emission Factor     (kg CH4/head),,Emissions       (kg CH4),,Emissions  (MMTCH4),,Emissions  (MMTCE),,Emissions  (MMTCO2E),,
35,,Dairy Cattle,,,,,,,,,,,,,
2,2023,Dairy Cows,0.0,x,137.7,=, -   ,=,0.0000,=,0.000,=,0.000,,
3,2023,Dairy Replacement Heifers,0.0,x,54.0,=, -   ,=,0.0000,=,0.000,=,0.000,,
4,2023,   Replacements 0-12 mos.,0.0,x,43.1,=, -   ,=,0.0000,=,0.000,=,0.000,,
5,2023,   Replacements 12-24 mos.,0.0,x,65.0,=, -   ,=,0.0000,=,0.000,=,0.000,,
,2023,Beef Cattle,,,,,,,,,,,,,
6,2023,Beef Cows,0.0,x,91.9,=, -   ,=,0.0000,=,0.000,=,0.000,,
7,2023,Beef Replacement Heifers,0.0,x,62.9,=, -   ,=,0.0000,=,0.000,=,0.000,,
8,2023,   Replacements 0-12 mos.,0.0,x,58.2,=, -   ,=,0.0000,=,0.000,=,0.000,,
9,2023,   Replacements 12-24 mos.,0.0,x,67.6,=, -   ,=,0.0000,=,0.000,=,0.000,,
10,2023,Heifer Stockers,0.0,x,58.5,=, -   ,=,0.0000,=,0.000,=,0.000,,
11,2023,Steer Stockers,0.0,x,56.4,=, -   ,=,0.0000,=,0.000,=,0.000,,
15,2023,Feedlot Heifers,0.0,x,43.2,=, -   ,=,0.0000,=,0.000,=,0.000,,
16,2023,Feedlot Steer,0.0,x,42.0,=, -   ,=,0.0000,=,0.000,=,0.000,,
12,2023,Bulls,0.0,x,95.1,=, -   ,=,0.0000,=,0.000,=,0.000,,
,2023,Other,,,,,,,,,,,,,
28,2023,Sheep,0.0,x,8.0,=, -   ,=,0.0000,=,0.000,=,0.000,,
31,2023,Goats,0.0,x,5.0,=, -   ,=,0.0000,=,0.000,=,0.000,,
17,2023,Swine,0.0,x,1.5,=, -   ,=,0.0000,=,0.000,=,0.000,,
32,2023,Horses,0.0,x,18.0,=, -   ,=,0.0000,=,0.000,=,0.000,,
,,TOTAL,,,,, -   ,,0.0000,,0.000,,0.000,,
,,,,,,,,,,,,,,,
,,Enteric Fermentation,,,2024,,,,,,,,,,
,,,Number of Animals        ('000 head),,Emission Factor     (kg CH4/head),,Emissions       (kg CH4),,Emissions  (MMTCH4),,Emissions  (MMTCE),,Emissions  (MMTCO2E),,
36,,Dairy Cattle,,,,,,,,,,,,,
2,2024,Dairy Cows,0.0,x,137.7,=, -   ,=,0.0000,=,0.000,=,0.000,,
3,2024,Dairy Replacement Heifers,0.0,x,54.0,=, -   ,=,0.0000,=,0.000,=,0.000,,
4,2024,   Replacements 0-12 mos.,0.0,x,43.1,=, -   ,=,0.0000,=,0.000,=,0.000,,
5,2024,   Replacements 12-24 mos.,0.0,x,65.0,=, -   ,=,0.0000,=,0.000,=,0.000,,
,2024,Beef Cattle,,,,,,,,,,,,,
6,2024,Beef Cows,0.0,x,91.9,=, -   ,=,0.0000,=,0.000,=,0.000,,
7,2024,Beef Replacement Heifers,0.0,x,62.9,=, -   ,=,0.0000,=,0.000,=,0.000,,
8,2024,   Replacements 0-12 mos.,0.0,x,58.2,=, -   ,=,0.0000,=,0.000,=,0.000,,
9,2024,   Replacements 12-24 mos.,0.0,x,67.6,=, -   ,=,0.0000,=,0.000,=,0.000,,
10,2024,Heifer Stockers,0.0,x,58.5,=, -   ,=,0.0000,=,0.000,=,0.000,,
11,2024,Steer Stockers,0.0,x,56.4,=, -   ,=,0.0000,=,0.000,=,0.000,,
15,2024,Feedlot Heifers,0.0,x,43.2,=, -   ,=,0.0000,=,0.000,=,0.000,,
16,2024,Feedlot Steer,0.0,x,42.0,=, -   ,=,0.0000,=,0.000,=,0.000,,
12,2024,Bulls,0.0,x,95.1,=, -   ,=,0.0000,=,0.000,=,0.000,,
,2024,Other,,,,,,,,,,,,,
28,2024,Sheep,0.0,x,8.0,=, -   ,=,0.0000,=,0.000,=,0.000,,
31,2024,Goats,0.0,x,5.0,=, -   ,=,0.0000,=,0.000,=,0.000,,
17,2024,Swine,0.0,x,1.5,=, -   ,=,0.0000,=,0.000,=,0.000,,
32,2024,Horses,0.0,x,18.0,=, -   ,=,0.0000,=,0.000,=,0.000,,
,,TOTAL,,,,, -   ,,0.0000,,0.000,,0.000,,
,,,,,,,,,,,,,,,
,,Enteric Fermentation,,,2025,,,,,,,,,,
,,,Number of Animals        ('000 head),,Emission Factor     (kg CH4/head),,Emissions       (kg CH4),,Emissions  (MMTCH4),,Emissions  (MMTCE),,Emissions  (MMTCO2E),,
37,,Dairy Cattle,,,,,,,,,,,,,
2,2025,Dairy Cows,0.0,x,137.7,=, -   ,=,0.0000,=,0.000,=,0.000,,
3,2025,Dairy Replacement Heifers,0.0,x,54.0,=, -   ,=,0.0000,=,0.000,=,0.000,,
4,2025,   Replacements 0-12 mos.,0.0,x,43.1,=, -   ,=,0.0000,=,0.000,=,0.000,,
5,2025,   Replacements 12-24 mos.,0.0,x,65.0,=, -   ,=,0.0000,=,0.000,=,0.000,,
,2025,Beef Cattle,,,,,,,,,,,,,
6,2025,Beef Cows,0.0,x,91.9,=, -   ,=,0.0000,=,0.000,=,0.000,,
7,2025,Beef Replacement Heifers,0.0,x,62.9,=, -   ,=,0.0000,=,0.000,=,0.000,,
8,2025,   Replacements 0-12 mos.,0.0,x,58.2,=, -   ,=,0.0000,=,0.000,=,0.000,,
9,2025,   Replacements 12-24 mos.,0.0,x,67.6,=, -   ,=,0.0000,=,0.000,=,0.000,,
10,2025,Heifer Stockers,0.0,x,58.5,=, -   ,=,0.0000,=,0.000,=,0.000,,
11,2025,Steer Stockers,0.0,x,56.4,=, -   ,=,0.0000,=,0.000,=,0.000,,
15,2025,Feedlot Heifers,0.0,x,43.2,=, -   ,=,0.0000,=,0.000,=,0.000,,
16,2025,Feedlot Steer,0.0,x,42.0,=, -   ,=,0.0000,=,0.000,=,0.000,,
12,2025,Bulls,0.0,x,95.1,=, -   ,=,0.0000,=,0.000,=,0.000,,
,2025,Other,,,,,,,,,,,,,
28,2025,Sheep,0.0,x,8.0,=, -   ,=,0.0000,=,0.000,=,0.000,,
31,2025,Goats,0.0,x,5.0,=, -   ,=,0.0000,=,0.000,=,0.000,,
17,2025,Swine,0.0,x,1.5,=, -   ,=,0.0000,=,0.000,=,0.000,,
32,2025,Horses,0.0,x,18.0,=, -   ,=,0.0000,=,0.000,=,0.000,,
,,TOTAL,,,,, -   ,,0.0000,,0.000,,0.000,,
